{
    "name": "Summoner",
    "title": "Summoner",
    "description": "DnD5e compendium of actor players instead of actor npc for spells like find familiar and summon",
    "author": "MTGCarver#7753",
    "version": "0.1.0",
    "minimumCoreVersion": "0.5.7",
    "scripts" : [],
    "styles" : [],
    "packs" : [
        {
            "name" : "Summoner",
            "label" : "Summoner",
            "path" : "packs/summoner.db",
            "module" : "Summoner",
            "entity" : "Actor"
        }
    ],
    "languages" : [],
    "socket" : true,
    "manifest" : "https://raw.githubusercontent.com/Jonwh25/Summoner/master/module.json",
    "download" : "https://raw.githubusercontent.com/Jonwh25/Summoner/master/archive/Summoner.zip",
    "url" : "https://github.com/Jonwh25/Summoner"
  }