{
    "name": "Summoner",
    "title": "Summoner",
    "description": "<p>DnD5e compendium for spells like Find Familiar</p>",
    "author": "Jon Whitehouse <br>MTGCarver#7753",
    "version": "0.1.1",
    "minimumCoreVersion" : "0.5.7",
    "compatibleCoreVersion" : "0.6.0",
    "scripts" : [],
    "esmodules" : [],
    "styles" : [],
    "packs" : [
        {
            "name" : "Summoner",
            "label" : "Summoner",
            "path" : "packs/summoner.db",
            "module" : "Summoner",
            "entity" : "Actor"
        }
    ],
    "languages" : [],
    "manifest" : "https://raw.githubusercontent.com/Jonwh25/summoner/master/module.json",
    "download" : "https://raw.githubusercontent.com/Jonwh25/summoner/master/archive/summoner-master.zip",
    "url" : "https://github.com/Jonwh25/summoner"
  }